{
  "source": "noaa",
  "year": 2019,
  "harvestedAt": "2026-03-28T19:59:04.727Z",
  "gddTotal": null,
  "byMonth": {
    "10": {
      "avgTmax": 2.4701888250569577e+60,
      "avgTmin": 1.7908046288659488e+60,
      "gdd": 84316
    },
    "11": {
      "avgTmax": 1.3471382117676094e+58,
      "avgTmin": 8.444377420604308e+55,
      "gdd": 51275
    },
    "12": {
      "avgTmax": 1.0749494949431096e+59,
      "avgTmin": null,
      "gdd": null
    },
    "01": {
      "avgTmax": null,
      "avgTmin": null,
      "gdd": null
    },
    "02": {
      "avgTmax": 6.544335818796837e+53,
      "avgTmin": null,
      "gdd": null
    },
    "03": {
      "avgTmax": 8.487739233620529e+58,
      "avgTmin": null,
      "gdd": null
    },
    "04": {
      "avgTmax": 1.3498414841754566e+58,
      "avgTmin": 8.777743111279822e+57,
      "gdd": 77741
    },
    "05": {
      "avgTmax": 1.3727603463211459e+60,
      "avgTmin": 1.2707721440142384e+60,
      "gdd": 98194
    },
    "06": {
      "avgTmax": 2.1565591919327942e+58,
      "avgTmin": 1.681471653185185e+58,
      "gdd": 111229
    },
    "07": {
      "avgTmax": 2.70383512540893e+60,
      "avgTmin": 2.150856925682405e+60,
      "gdd": 129221
    },
    "08": {
      "avgTmax": 2.673196286076993e+60,
      "avgTmin": 1.696340763114923e+60,
      "gdd": 120493.5
    },
    "09": {
      "avgTmax": 2.5256055232290215e+58,
      "avgTmin": 1.653871682511751e+58,
      "gdd": 108141.5
    }
  }
}