{
  "source": "noaa",
  "year": 2015,
  "harvestedAt": "2026-03-28T19:59:39.287Z",
  "gddTotal": null,
  "byMonth": {
    "10": {
      "avgTmax": 1.9550147299019874e+60,
      "avgTmin": 1.3675691778916254e+60,
      "gdd": 91675.5
    },
    "11": {
      "avgTmax": 1.8555689565348852e+58,
      "avgTmin": 1.5151414521344433e+58,
      "gdd": 73498.5
    },
    "12": {
      "avgTmax": 1.3669014659271105e+60,
      "avgTmin": 1.0417138494559795e+60,
      "gdd": 60355.5
    },
    "01": {
      "avgTmax": 8.468783933149009e+54,
      "avgTmin": null,
      "gdd": null
    },
    "02": {
      "avgTmax": 5.772078268726186e+50,
      "avgTmin": null,
      "gdd": null
    },
    "03": {
      "avgTmax": 9.44287843320725e+59,
      "avgTmin": null,
      "gdd": null
    },
    "04": {
      "avgTmax": 2.0545017811414472e+58,
      "avgTmin": 9.490908447778118e+57,
      "gdd": 83333.5
    },
    "05": {
      "avgTmax": 2.3160637311995747e+60,
      "avgTmin": 1.1785596933919202e+60,
      "gdd": 108384.5
    },
    "06": {
      "avgTmax": 2.190922456912726e+58,
      "avgTmin": 1.480495317481953e+58,
      "gdd": 113464.5
    },
    "07": {
      "avgTmax": 2.3144414141313787e+60,
      "avgTmin": 1.5637148263274998e+60,
      "gdd": 125700.5
    },
    "08": {
      "avgTmax": 2.7076767667055402e+60,
      "avgTmin": 1.8914759853278593e+60,
      "gdd": 120003.5
    },
    "09": {
      "avgTmax": 2.962932695962625e+58,
      "avgTmin": 2.1895420872356545e+58,
      "gdd": 114387.5
    }
  }
}