{
  "source": "noaa",
  "year": 2020,
  "harvestedAt": "2026-03-28T19:58:56.214Z",
  "gddTotal": null,
  "byMonth": {
    "10": {
      "avgTmax": 1.9191824076603115e+60,
      "avgTmin": 1.107220462401303e+60,
      "gdd": 81274
    },
    "11": {
      "avgTmax": 1.4515589905757252e+58,
      "avgTmin": 8.417681814785158e+57,
      "gdd": 74795.5
    },
    "12": {
      "avgTmax": 1.1759432685011721e+60,
      "avgTmin": null,
      "gdd": null
    },
    "01": {
      "avgTmax": 1.2072139149592323e+60,
      "avgTmin": null,
      "gdd": null
    },
    "02": {
      "avgTmax": 1.292214870463147e+55,
      "avgTmin": null,
      "gdd": null
    },
    "03": {
      "avgTmax": 1.4320657549562431e+60,
      "avgTmin": 6.5200071716194755e+59,
      "gdd": 62836
    },
    "04": {
      "avgTmax": 1.619528417858754e+58,
      "avgTmin": 1.1434678111081148e+58,
      "gdd": 75506.5
    },
    "05": {
      "avgTmax": 2.1211919528019497e+60,
      "avgTmin": 1.0807818507463317e+60,
      "gdd": 100545.5
    },
    "06": {
      "avgTmax": 2.2979528265790965e+58,
      "avgTmin": 1.6218786865184177e+58,
      "gdd": 118304
    },
    "07": {
      "avgTmax": 2.8354545457835772e+60,
      "avgTmin": 2.116992506353828e+60,
      "gdd": 129491
    },
    "08": {
      "avgTmax": 2.7337765415574788e+60,
      "avgTmin": 1.825330596304892e+60,
      "gdd": 125707
    },
    "09": {
      "avgTmax": 2.4932525589256863e+58,
      "avgTmin": 1.6178449498317828e+58,
      "gdd": 104438
    }
  }
}