{
  "source": "noaa",
  "year": 2024,
  "harvestedAt": "2026-03-28T19:58:20.759Z",
  "gddTotal": null,
  "byMonth": {
    "10": {
      "avgTmax": 2.2812151866796026e+60,
      "avgTmin": 1.4643497869140121e+60,
      "gdd": 104028.5
    },
    "11": {
      "avgTmax": 1.6515256875085867e+58,
      "avgTmin": 1.1441552508012789e+58,
      "gdd": 71780.5
    },
    "12": {
      "avgTmax": 8.175237200918211e+59,
      "avgTmin": null,
      "gdd": null
    },
    "01": {
      "avgTmax": 8.81081494304366e+57,
      "avgTmin": null,
      "gdd": null
    },
    "02": {
      "avgTmax": 1.5977324939291908e+56,
      "avgTmin": 1.044928492511426e+54,
      "gdd": 57468.5
    },
    "03": {
      "avgTmax": 1.6640664017661107e+60,
      "avgTmin": 1.0101301068589783e+59,
      "gdd": 71217
    },
    "04": {
      "avgTmax": 1.412788117845221e+58,
      "avgTmin": 1.0441144777644144e+58,
      "gdd": 86367.5
    },
    "05": {
      "avgTmax": 2.1476572160342172e+60,
      "avgTmin": 1.5959692391694043e+60,
      "gdd": 108160.5
    },
    "06": {
      "avgTmax": 2.226592893235891e+58,
      "avgTmin": 1.8848554205252518e+58,
      "gdd": 117178
    },
    "07": {
      "avgTmax": 2.4099575063929943e+60,
      "avgTmin": 1.6318214069633434e+60,
      "gdd": 126053.5
    },
    "08": {
      "avgTmax": 2.7067383141187352e+60,
      "avgTmin": 2.2160345343759862e+60,
      "gdd": 123574
    },
    "09": {
      "avgTmax": 2.5259192918855585e+58,
      "avgTmin": 1.7161684181581494e+58,
      "gdd": 117889.5
    }
  }
}