{
  "source": "noaa",
  "year": 2018,
  "harvestedAt": "2026-03-28T19:59:13.429Z",
  "gddTotal": null,
  "byMonth": {
    "10": {
      "avgTmax": 1.825105371475927e+60,
      "avgTmin": 1.5321143050014366e+60,
      "gdd": 84508
    },
    "11": {
      "avgTmax": 1.6151549834879114e+58,
      "avgTmin": 1.0437779807844434e+58,
      "gdd": 53439
    },
    "12": {
      "avgTmax": 1.1726881394458157e+60,
      "avgTmin": 9.78474910381036e+59,
      "gdd": 51810.5
    },
    "01": {
      "avgTmax": 3.6825745581850127e+56,
      "avgTmin": null,
      "gdd": null
    },
    "02": {
      "avgTmax": 1.0768719329041497e+54,
      "avgTmin": null,
      "gdd": null
    },
    "03": {
      "avgTmax": 1.1762657859137843e+60,
      "avgTmin": 8.468556871747462e+59,
      "gdd": 61198
    },
    "04": {
      "avgTmax": 1.0794410787710125e+58,
      "avgTmin": 5.404072717203974e+56,
      "gdd": 64522
    },
    "05": {
      "avgTmax": 2.5395604750508007e+60,
      "avgTmin": 1.951430531769178e+60,
      "gdd": 113489.5
    },
    "06": {
      "avgTmax": 2.2898926232359244e+58,
      "avgTmin": 1.8181817161451513e+58,
      "gdd": 115322
    },
    "07": {
      "avgTmax": 2.963180447347834e+60,
      "avgTmin": 2.1485957950242443e+60,
      "gdd": 127490.5
    },
    "08": {
      "avgTmax": 2.7957350921991883e+60,
      "avgTmin": 1.9217956363406968e+60,
      "gdd": 124372
    },
    "09": {
      "avgTmax": 2.693589625909024e+58,
      "avgTmin": 2.188555620834983e+58,
      "gdd": 108890.5
    }
  }
}