{
  "source": "noaa",
  "year": 2025,
  "harvestedAt": "2026-03-28T19:58:11.359Z",
  "gddTotal": null,
  "byMonth": {
    "10": {
      "avgTmax": 2.478351219915084e+60,
      "avgTmin": 1.7269568272723665e+60,
      "gdd": 97900.5
    },
    "11": {
      "avgTmax": 1.583528385838479e+58,
      "avgTmin": 9.748077100743751e+56,
      "gdd": 64744.5
    },
    "12": {
      "avgTmax": 7.175068465329107e+58,
      "avgTmin": null,
      "gdd": null
    },
    "01": {
      "avgTmax": 1.0407134584814266e+57,
      "avgTmin": null,
      "gdd": null
    },
    "02": {
      "avgTmax": 1.084772330125902e+53,
      "avgTmin": null,
      "gdd": null
    },
    "03": {
      "avgTmax": 8.811177546368533e+59,
      "avgTmin": 4.8879465330400655e+59,
      "gdd": 68979
    },
    "04": {
      "avgTmax": 1.349828350174848e+58,
      "avgTmin": 8.444577110974748e+57,
      "gdd": 82094.5
    },
    "05": {
      "avgTmax": 1.59824724670518e+60,
      "avgTmin": 1.4336851443530119e+60,
      "gdd": 102311.5
    },
    "06": {
      "avgTmax": 2.4946159605792906e+58,
      "avgTmin": 1.4178685838585516e+58,
      "gdd": 116490.5
    },
    "07": {
      "avgTmax": 2.7702641902508654e+60,
      "avgTmin": 1.9889117976114056e+60,
      "gdd": 126044.5
    },
    "08": {
      "avgTmax": 2.4454219618835133e+60,
      "avgTmin": 1.6295308247019245e+60,
      "gdd": 119521
    },
    "09": {
      "avgTmax": 2.625895386545524e+58,
      "avgTmin": 1.582811349481346e+58,
      "gdd": 110560
    }
  }
}