{
  "source": "noaa",
  "year": 2016,
  "harvestedAt": "2026-03-28T19:59:30.632Z",
  "gddTotal": null,
  "byMonth": {
    "10": {
      "avgTmax": 2.152482894431341e+60,
      "avgTmin": 1.855321049843335e+60,
      "gdd": 95420.5
    },
    "11": {
      "avgTmax": 2.3532086898988519e+58,
      "avgTmin": 1.481797780468047e+58,
      "gdd": 79482
    },
    "12": {
      "avgTmax": 1.4314043343203015e+60,
      "avgTmin": null,
      "gdd": null
    },
    "01": {
      "avgTmax": 8.165492352656897e+56,
      "avgTmin": null,
      "gdd": null
    },
    "02": {
      "avgTmax": 1.3566663539013915e+56,
      "avgTmin": null,
      "gdd": null
    },
    "03": {
      "avgTmax": 6.862398178825698e+59,
      "avgTmin": 4.068113849159367e+58,
      "gdd": 66786
    },
    "04": {
      "avgTmax": 1.612471113138044e+58,
      "avgTmin": 1.0087507744444064e+58,
      "gdd": 75704.5
    },
    "05": {
      "avgTmax": 1.8599049893119255e+60,
      "avgTmin": 1.3346560430530128e+60,
      "gdd": 106766
    },
    "06": {
      "avgTmax": 2.6245957589089235e+58,
      "avgTmin": 1.9851685858482818e+58,
      "gdd": 116594
    },
    "07": {
      "avgTmax": 2.4447767376959936e+60,
      "avgTmin": 1.726304956673117e+60,
      "gdd": 125241.5
    },
    "08": {
      "avgTmax": 2.6728705425251876e+60,
      "avgTmin": 1.792795761479243e+60,
      "gdd": 124836.5
    },
    "09": {
      "avgTmax": 2.3922593626258945e+58,
      "avgTmin": 1.782828386232186e+58,
      "gdd": 110765
    }
  }
}