{
  "source": "noaa",
  "year": 2021,
  "harvestedAt": "2026-03-28T19:58:47.661Z",
  "gddTotal": null,
  "byMonth": {
    "10": {
      "avgTmax": 2.7357021844344762e+60,
      "avgTmin": 1.6331019530726643e+60,
      "gdd": 98670
    },
    "11": {
      "avgTmax": 1.5484782845422224e+58,
      "avgTmin": 1.0750808101412476e+58,
      "gdd": 66152
    },
    "12": {
      "avgTmax": 1.4991528175295233e+60,
      "avgTmin": null,
      "gdd": null
    },
    "01": {
      "avgTmax": 7.826557533236876e+59,
      "avgTmin": null,
      "gdd": null
    },
    "02": {
      "avgTmax": 1.1908262584696109e+46,
      "avgTmin": null,
      "gdd": null
    },
    "03": {
      "avgTmax": 9.798236920820189e+59,
      "avgTmin": 5.862136210393008e+59,
      "gdd": 71890
    },
    "04": {
      "avgTmax": 1.3832322259325554e+58,
      "avgTmin": 7.074544151748832e+57,
      "gdd": 85500.5
    },
    "05": {
      "avgTmax": 2.73501482632418e+60,
      "avgTmin": 1.2740303665785908e+60,
      "gdd": 104953.5
    },
    "06": {
      "avgTmax": 2.593953131969731e+58,
      "avgTmin": 1.6188652905756898e+58,
      "gdd": 122995.5
    },
    "07": {
      "avgTmax": 2.379651287708571e+60,
      "avgTmin": 1.8876150550341147e+60,
      "gdd": 125223
    },
    "08": {
      "avgTmax": 2.4454285754217686e+60,
      "avgTmin": 1.8569599547278928e+60,
      "gdd": 125741.5
    },
    "09": {
      "avgTmax": 2.4918989922526246e+58,
      "avgTmin": 1.8171886185019176e+58,
      "gdd": 111162.5
    }
  }
}