{
  "source": "noaa",
  "year": 2017,
  "harvestedAt": "2026-03-28T19:59:21.931Z",
  "gddTotal": null,
  "byMonth": {
    "10": {
      "avgTmax": 2.3157376976313144e+60,
      "avgTmin": 1.3402014004986624e+60,
      "gdd": 94138.5
    },
    "11": {
      "avgTmax": 1.449151483134713e+58,
      "avgTmin": 8.461079447609077e+57,
      "gdd": 63317.5
    },
    "12": {
      "avgTmax": null,
      "avgTmin": null,
      "gdd": null
    },
    "01": {
      "avgTmax": 1.1091520439070418e+58,
      "avgTmin": null,
      "gdd": null
    },
    "02": {
      "avgTmax": 1.005422475476259e+54,
      "avgTmin": null,
      "gdd": null
    },
    "03": {
      "avgTmax": 1.1710397556632065e+60,
      "avgTmin": 6.1763327172675034e+57,
      "gdd": 56551.5
    },
    "04": {
      "avgTmax": 2.1194887491752895e+58,
      "avgTmin": 1.0458112784544449e+58,
      "gdd": 86680.5
    },
    "05": {
      "avgTmax": 1.8234279869760836e+60,
      "avgTmin": 1.2713980130333968e+60,
      "gdd": 100148.5
    },
    "06": {
      "avgTmax": 2.6616095582526604e+58,
      "avgTmin": 1.4835287844983512e+58,
      "gdd": 116757.5
    },
    "07": {
      "avgTmax": 2.5747703822188002e+60,
      "avgTmin": 1.9553469224729197e+60,
      "gdd": 125726.5
    },
    "08": {
      "avgTmax": 2.7344151215508974e+60,
      "avgTmin": 2.0205081782373087e+60,
      "gdd": 116263.5
    },
    "09": {
      "avgTmax": 2.3222658222222554e+58,
      "avgTmin": 1.5151752158149808e+58,
      "gdd": 113474
    }
  }
}