{
  "source": "noaa",
  "year": 2023,
  "harvestedAt": "2026-03-28T19:58:29.402Z",
  "gddTotal": null,
  "byMonth": {
    "10": {
      "avgTmax": 2.8670542498825995e+60,
      "avgTmin": 1.8904987901397848e+60,
      "gdd": 93291.5
    },
    "11": {
      "avgTmax": 1.315835051561548e+58,
      "avgTmin": 7.094543444879136e+57,
      "gdd": 68520.5
    },
    "12": {
      "avgTmax": 1.1743075294756943e+60,
      "avgTmin": 6.533135904041733e+59,
      "gdd": 62347
    },
    "01": {
      "avgTmax": 1.3014044623556852e+58,
      "avgTmin": null,
      "gdd": null
    },
    "02": {
      "avgTmax": 7.584744049790836e+52,
      "avgTmin": null,
      "gdd": null
    },
    "03": {
      "avgTmax": 1.2049593362463676e+60,
      "avgTmin": 1.0061747807491674e+57,
      "gdd": 52522.5
    },
    "04": {
      "avgTmax": 1.314851350154817e+58,
      "avgTmin": 8.751077447675441e+57,
      "gdd": 82991
    },
    "05": {
      "avgTmax": 1.4669698253539548e+60,
      "avgTmin": 1.0768884033919178e+60,
      "gdd": 108295.5
    },
    "06": {
      "avgTmax": 3.096962728919126e+58,
      "avgTmin": 2.0198652531849153e+58,
      "gdd": 118738
    },
    "07": {
      "avgTmax": 2.8651319950961237e+60,
      "avgTmin": 2.0850343772920526e+60,
      "gdd": 127430.5
    },
    "08": {
      "avgTmax": 2.64126392961235e+60,
      "avgTmin": 1.7947245363213738e+60,
      "gdd": 122298.5
    },
    "09": {
      "avgTmax": 2.660976396592156e+58,
      "avgTmin": 1.6549055572085498e+58,
      "gdd": 111664.5
    }
  }
}