{
  "source": "noaa",
  "year": 2022,
  "harvestedAt": "2026-03-28T19:58:38.091Z",
  "gddTotal": null,
  "byMonth": {
    "10": {
      "avgTmax": 2.344102476995278e+60,
      "avgTmin": 1.3039917236850757e+60,
      "gdd": 96609.5
    },
    "11": {
      "avgTmax": 2.3919055531882166e+58,
      "avgTmin": 1.2478315474711454e+58,
      "gdd": 68801.5
    },
    "12": {
      "avgTmax": 1.0791688836592052e+57,
      "avgTmin": null,
      "gdd": null
    },
    "01": {
      "avgTmax": 8.445849126425569e+57,
      "avgTmin": null,
      "gdd": null
    },
    "02": {
      "avgTmax": 1.5068362572580848e+54,
      "avgTmin": null,
      "gdd": null
    },
    "03": {
      "avgTmax": 1.2704206266010759e+60,
      "avgTmin": 7.806908172007147e+58,
      "gdd": 58935
    },
    "04": {
      "avgTmax": 1.4801613141780462e+58,
      "avgTmin": 9.777777781379104e+57,
      "gdd": 72921
    },
    "05": {
      "avgTmax": 1.7595148276247297e+60,
      "avgTmin": 1.56303010820769e+60,
      "gdd": 109038.5
    },
    "06": {
      "avgTmax": 2.5602458562158884e+58,
      "avgTmin": 1.9501715168551187e+58,
      "gdd": 119419.5
    },
    "07": {
      "avgTmax": 2.6080188018608632e+60,
      "avgTmin": 2.1472795382697283e+60,
      "gdd": 127542.5
    },
    "08": {
      "avgTmax": 2.7367317051283144e+60,
      "avgTmin": 2.1479632121602764e+60,
      "gdd": 124830
    },
    "09": {
      "avgTmax": 2.926582457932895e+58,
      "avgTmin": 1.9231884511818192e+58,
      "gdd": 108938
    }
  }
}